City_ID,City,Country,Date,Lat,Lng,Max Temp,Humidity,Cloudiness,Wind Speed
0,Mataura,NZ,2022-03-19 01:52:21,-46.1927,168.8643,72.48,41,100,5.68
1,Bredasdorp,ZA,2022-03-19 01:52:21,-34.5322,20.0403,66.97,96,62,7.63
2,Berbera,SO,2022-03-19 01:52:22,10.4396,45.0143,74.91,74,1,3.96
3,Ushuaia,AR,2022-03-19 01:52:22,-54.8,-68.3,38.86,75,40,9.22
4,Ternate,ID,2022-03-19 01:52:22,0.8,127.4,85.03,69,100,1.66
5,Avarua,CK,2022-03-19 01:52:23,-21.2078,-159.775,84.25,74,70,5.75
6,Victoria,HK,2022-03-19 01:47:50,22.2855,114.1577,79.97,87,50,15.99
7,Little Current,CA,2022-03-19 01:52:23,45.9793,-81.9248,41.05,92,100,12.53
8,Yulara,AU,2022-03-19 01:52:24,-25.2406,130.9889,91.24,24,40,8.05
9,Tuatapere,NZ,2022-03-19 01:52:24,-46.1333,167.6833,68.47,47,100,4.38
10,Bilibino,RU,2022-03-19 01:52:24,68.0546,166.4372,3.51,66,16,2.04
11,Hobart,AU,2022-03-19 01:52:25,-42.8794,147.3294,69.22,55,20,4.61
12,Carnarvon,AU,2022-03-19 01:52:25,-24.8667,113.6333,82.47,57,0,14.97
13,Cape Town,ZA,2022-03-19 01:51:01,-33.9258,18.4232,65.1,84,0,13.8
14,Imeni Morozova,RU,2022-03-19 01:52:25,59.9757,31.0376,34.95,1,30,4.52
15,Hithadhoo,MV,2022-03-19 01:52:26,-0.6,73.0833,83.12,75,100,15.68
16,Matamoros,MX,2022-03-19 01:52:26,25.5333,-103.25,67.66,16,47,9.08
17,Yerbogachen,RU,2022-03-19 01:52:26,61.2767,108.0108,10.51,92,100,10.78
18,Vaini,TO,2022-03-19 01:52:27,-21.2,-175.2,81.5,77,100,25.41
19,Cidreira,BR,2022-03-19 01:52:27,-30.1811,-50.2056,77.05,76,100,6.06
20,Pevek,RU,2022-03-19 01:52:28,69.7008,170.3133,-8.19,84,18,9.48
21,Andros Town,BS,2022-03-19 01:52:28,24.7,-77.7667,76.96,78,0,14.85
22,Moyale,KE,2022-03-19 01:52:28,3.5167,39.0584,67.12,60,82,4.03
23,Tukrah,LY,2022-03-19 01:52:29,32.5341,20.5791,53.71,71,76,23.53
24,Dudinka,RU,2022-03-19 01:52:29,69.4058,86.1778,22.62,96,100,13.38
25,Buala,SB,2022-03-19 01:52:29,-8.145,159.5921,84.36,69,95,4.41
26,Canyon,US,2022-03-19 01:52:30,34.9803,-101.9188,52.05,31,13,4.14
27,Sao Filipe,CV,2022-03-19 01:52:30,14.8961,-24.4956,70.34,72,64,10.69
28,Olafsvik,IS,2022-03-19 01:52:31,64.8945,-23.7142,35.02,61,100,4.16
29,Georgetown,MY,2022-03-19 01:50:05,5.4112,100.3354,87.73,82,20,4.61
30,Hasaki,JP,2022-03-19 01:52:31,35.7333,140.8333,59.29,52,30,8.88
31,Yellowknife,CA,2022-03-19 01:52:31,62.456,-114.3525,16.32,79,75,4.61
32,Otavi,NA,2022-03-19 01:52:32,-19.65,17.3333,59.81,91,36,12.06
33,Puerto Maldonado,PE,2022-03-19 01:52:32,-12.6,-69.1833,74.89,94,100,2.19
34,Kavaratti,IN,2022-03-19 01:50:36,10.5669,72.642,83.1,67,99,9.13
35,Ancud,CL,2022-03-19 01:52:32,-41.8697,-73.8203,48.22,78,100,6.71
36,Gambiran,ID,2022-03-19 01:52:33,-6.7988,111.4951,82.31,78,100,5.99
37,Sovetskiy,RU,2022-03-19 01:52:33,61.3614,63.5842,13.6,97,69,4.12
38,Hamina,FI,2022-03-19 01:52:33,60.5697,27.1979,36.68,98,100,5.21
39,Mar Del Plata,AR,2022-03-19 01:50:33,-38.0023,-57.5575,56.88,59,20,10.0
40,Cabo San Lucas,MX,2022-03-19 01:52:34,22.8909,-109.9124,74.52,67,0,3.31
41,Imeni Poliny Osipenko,RU,2022-03-19 01:52:34,52.4201,136.4853,19.92,86,100,5.23
42,Qaanaaq,GL,2022-03-19 01:52:35,77.484,-69.3632,-9.22,91,100,6.06
43,Sao Joao Da Barra,BR,2022-03-19 01:52:35,-21.6403,-41.0511,77.76,83,0,16.6
44,Flinders,AU,2022-03-19 01:52:35,-34.5833,150.8552,70.18,82,98,7.0
45,Ndjole,GA,2022-03-19 01:52:36,-0.1783,10.7649,73.62,98,98,1.74
46,Hilo,US,2022-03-19 01:52:50,19.7297,-155.09,78.53,80,100,8.05
47,Betma,IN,2022-03-19 01:53:36,22.6833,75.6167,68.22,45,91,3.44
48,Busselton,AU,2022-03-19 01:51:12,-33.65,115.3333,64.74,64,100,13.67
49,Camacha,PT,2022-03-19 01:53:37,33.0833,-16.3333,56.62,63,75,5.75
50,Barrow,US,2022-03-19 01:53:37,71.2906,-156.7887,-12.23,97,69,12.48
51,Deputatskiy,RU,2022-03-19 01:53:37,69.3,139.9,-2.25,88,19,2.21
52,Saint George,US,2022-03-19 01:48:53,37.1041,-113.5841,70.39,15,0,5.75
53,Seoul,KR,2022-03-19 01:50:41,37.5683,126.9778,36.97,93,100,10.36
54,Luderitz,NA,2022-03-19 01:53:38,-26.6481,15.1594,70.05,64,7,7.27
55,Kapaa,US,2022-03-19 01:48:50,22.0752,-159.319,80.92,64,0,12.66
56,Rikitea,PF,2022-03-19 01:53:38,-23.1203,-134.9692,80.58,72,24,8.66
57,Jamestown,US,2022-03-19 01:52:02,42.097,-79.2353,54.18,40,100,1.01
58,Kulhudhuffushi,MV,2022-03-19 01:53:39,6.6221,73.07,83.05,71,8,14.63
59,Puerto Ayora,EC,2022-03-19 01:49:49,-0.7393,-90.3518,78.8,78,25,6.06
60,Castro,BR,2022-03-19 01:53:39,-24.7911,-50.0119,65.68,93,88,2.53
61,Maraa,BR,2022-03-19 01:53:40,-1.8333,-65.3667,74.61,97,100,2.64
62,Tasiilaq,GL,2022-03-19 01:53:40,65.6145,-37.6368,4.14,83,50,3.96
63,Albany,US,2022-03-19 01:51:08,42.6001,-73.9662,58.73,71,100,1.9
64,Bengkulu,ID,2022-03-19 01:53:40,-3.8004,102.2655,74.1,85,100,5.12
65,Verkhnyaya Inta,RU,2022-03-19 01:53:41,65.9811,60.3094,28.67,90,100,20.4
66,Nikolskoye,RU,2022-03-19 01:53:41,59.7035,30.7861,34.81,93,24,3.78
67,Bluff,NZ,2022-03-19 01:53:42,-46.6,168.3333,72.81,67,47,12.68
68,Kruisfontein,ZA,2022-03-19 01:53:42,-34.0033,24.7314,64.4,84,100,3.31
69,Rio Gallegos,AR,2022-03-19 01:53:42,-51.6226,-69.2181,41.05,70,40,2.3
70,Teknaf,BD,2022-03-19 01:53:43,20.8624,92.3058,78.6,58,77,6.53
71,Bethel,US,2022-03-19 01:53:43,41.3712,-73.414,59.88,75,100,5.99
72,Port Macquarie,AU,2022-03-19 01:53:43,-31.4333,152.9167,77.9,86,54,14.92
73,Chokurdakh,RU,2022-03-19 01:53:44,70.6333,147.9167,-6.99,91,32,6.13
74,Soyo,AO,2022-03-19 01:53:44,-6.1349,12.3689,78.82,84,100,8.37
75,Chapais,CA,2022-03-19 01:53:44,49.7834,-74.8492,22.78,95,28,3.02
76,Calvinia,ZA,2022-03-19 01:52:52,-31.4707,19.776,69.67,67,100,6.87
77,Khatanga,RU,2022-03-19 01:53:45,71.9667,102.5,11.88,94,78,11.1
78,Bima,ID,2022-03-19 01:53:45,-8.4667,118.7167,83.55,81,100,4.54
79,Laguna,US,2022-03-19 01:53:46,38.421,-121.4238,71.4,48,0,6.91
80,Portree,GB,2022-03-19 01:53:46,57.4129,-6.1942,48.52,80,95,10.85
81,Saldanha,ZA,2022-03-19 01:53:46,-33.0117,17.9442,64.45,74,56,5.73
82,Chuy,UY,2022-03-19 01:53:47,-33.6971,-53.4616,60.31,86,100,13.13
83,Huallanca,PE,2022-03-19 01:53:47,-9.8993,-76.9417,49.46,87,100,0.87
84,Atuona,PF,2022-03-19 01:53:47,-9.8,-139.0333,78.91,73,1,15.84
85,Dikson,RU,2022-03-19 01:53:48,73.5069,80.5464,16.2,87,12,21.34
86,Faanui,PF,2022-03-19 01:53:48,-16.4833,-151.75,82.33,66,3,13.22
87,Alofi,NU,2022-03-19 01:50:31,-19.0595,-169.9187,85.89,70,99,9.22
88,Sendafa,ET,2022-03-19 01:53:49,9.15,39.0333,56.12,76,100,0.96
89,Sampit,ID,2022-03-19 01:53:49,-2.5333,112.95,81.57,76,100,2.98
90,Fairbanks,US,2022-03-19 01:52:37,64.8378,-147.7164,31.82,53,0,6.91
91,Skibbereen,IE,2022-03-19 01:54:49,51.55,-9.2667,51.12,83,0,23.26
92,Newport,GB,2022-03-19 01:54:50,51.5877,-2.9984,48.45,80,0,13.09
93,Punta Arenas,CL,2022-03-19 01:54:50,-53.15,-70.9167,41.11,65,0,4.61
94,Lebanon,US,2022-03-19 01:53:02,36.2081,-86.2911,62.94,83,75,23.02
95,Sorland,NO,2022-03-19 01:54:51,67.667,12.6934,42.76,89,100,51.23
96,Alice Springs,AU,2022-03-19 01:54:51,-23.7,133.8833,94.55,20,28,12.66
97,Carauari,BR,2022-03-19 01:54:51,-4.8828,-66.8958,73.67,98,100,0.11
98,Arraial Do Cabo,BR,2022-03-19 01:54:52,-22.9661,-42.0278,77.04,87,0,24.02
99,Ayagoz,KZ,2022-03-19 01:54:52,47.9714,80.4392,12.09,95,100,6.06
100,Hermanus,ZA,2022-03-19 01:51:14,-34.4187,19.2345,66.79,92,12,9.62
101,Kuching,MY,2022-03-19 01:54:52,1.55,110.3333,79.02,89,20,3.44
102,Butaritari,KI,2022-03-19 01:54:53,3.0707,172.7902,81.01,80,18,20.49
103,Provideniya,RU,2022-03-19 01:54:53,64.3833,-173.3,6.39,64,0,5.84
104,Bouca,CF,2022-03-19 01:54:54,6.5105,18.2733,72.72,53,51,3.36
105,Saint-Augustin,CA,2022-03-19 01:54:54,51.226,-58.6502,23.61,83,100,10.92
106,Nizhniy Tsasuchey,RU,2022-03-19 01:54:54,50.5167,115.1333,21.18,55,100,3.96
107,Baykit,RU,2022-03-19 01:54:55,61.67,96.37,15.33,90,100,5.97
108,Airai,TL,2022-03-19 01:54:55,-8.9266,125.4092,73.94,64,87,1.19
109,Bambous Virieux,MU,2022-03-19 01:54:55,-20.3428,57.7575,77.22,94,20,2.3
110,Thompson,CA,2022-03-19 01:52:58,55.7435,-97.8558,37.56,65,40,2.3
111,Monteagudo,BO,2022-03-19 01:54:56,-19.8167,-63.9833,65.89,97,100,3.24
112,Norman Wells,CA,2022-03-19 01:54:56,65.282,-126.8329,12.24,62,75,2.3
113,Avera,US,2022-03-19 01:54:56,33.194,-82.5271,60.31,93,100,13.73
114,Ambositra,MG,2022-03-19 01:54:57,-20.5167,47.25,63.63,98,100,2.15
115,Codrington,AU,2022-03-19 01:54:57,-38.2667,141.9667,74.28,45,7,3.36
116,Sikonge,TZ,2022-03-19 01:54:57,-5.6333,32.7667,63.12,96,94,2.21
117,Purpe,RU,2022-03-19 01:54:58,64.4803,76.6897,22.68,91,100,16.96
118,Pangnirtung,CA,2022-03-19 01:54:58,66.1451,-65.7125,-25.51,91,38,6.38
119,Port Elizabeth,ZA,2022-03-19 01:54:58,-33.918,25.5701,67.32,96,100,2.3
120,Longyearbyen,SJ,2022-03-19 01:54:59,78.2186,15.6401,28.24,69,40,9.22
121,Kudahuvadhoo,MV,2022-03-19 01:54:59,2.6708,72.8944,82.35,76,17,14.65
122,Imbituba,BR,2022-03-19 01:54:59,-28.24,-48.6703,77.83,96,100,5.21
123,Umm Kaddadah,SD,2022-03-19 01:55:00,13.6017,26.6876,63.27,14,34,13.33
124,Shunyi,CN,2022-03-19 01:55:00,40.125,116.6453,35.55,51,0,8.95
125,Sabaudia,IT,2022-03-19 01:55:00,41.3003,13.0282,57.9,70,100,9.15
126,Nantucket,US,2022-03-19 01:55:01,41.2835,-70.0995,42.91,97,100,11.5
127,Maceio,BR,2022-03-19 01:55:01,-9.6658,-35.7353,76.44,83,20,2.3
128,Calabar,NG,2022-03-19 01:55:01,4.9517,8.322,79.47,88,21,2.19
129,Dunedin,NZ,2022-03-19 01:55:02,-45.8742,170.5036,57.79,74,71,7.0
130,Derzhavinsk,KZ,2022-03-19 01:55:02,51.1,66.3167,-6.18,95,12,8.7
131,Lokomotivnyy,RU,2022-03-19 01:55:02,53.0118,60.5684,-3.64,100,100,3.4
132,Eureka,US,2022-03-19 01:55:03,40.8021,-124.1637,54.36,80,100,5.01
133,Upernavik,GL,2022-03-19 01:55:03,72.7868,-56.1549,-19.28,78,99,7.61
134,Arroyo,ES,2022-03-19 01:55:03,41.6096,-4.7969,52.2,82,75,3.44
135,Taoudenni,ML,2022-03-19 01:55:04,22.6783,-3.9836,73.17,17,0,8.14
136,Tungor,RU,2022-03-19 01:55:04,53.3808,142.9564,28.92,93,100,6.15
137,Praia Da Vitoria,PT,2022-03-19 01:56:05,38.7333,-27.0667,50.76,87,75,28.86
138,Clacton-On-Sea,GB,2022-03-19 01:56:05,51.7897,1.156,47.79,87,0,4.0
139,Jurmala,LV,2022-03-19 01:56:05,56.968,23.7704,26.62,86,0,0.0
140,Pacific Grove,US,2022-03-19 01:56:06,36.6177,-121.9166,58.69,83,100,4.0
141,Tiarei,PF,2022-03-19 01:56:06,-17.5333,-149.3333,87.82,70,0,12.68
142,Necochea,AR,2022-03-19 01:56:06,-38.5473,-58.7368,52.09,52,6,5.53
143,Khasan,RU,2022-03-19 01:56:07,42.4308,130.6434,29.55,54,100,6.51
144,Kaitangata,NZ,2022-03-19 01:56:07,-46.2817,169.8464,63.63,58,54,14.58
145,Kodiak,US,2022-03-19 01:56:07,57.79,-152.4072,33.31,86,100,23.02
146,Denton,US,2022-03-19 01:56:08,33.2001,-97.1336,59.65,38,92,7.38
147,La Ronge,CA,2022-03-19 01:56:08,55.1001,-105.2842,43.05,49,20,4.61
148,Saint-Philippe,RE,2022-03-19 01:56:08,-21.3585,55.7679,76.59,86,53,4.92
149,Nome,US,2022-03-19 01:56:09,64.5011,-165.4064,-3.05,88,10,6.2
150,Maldonado,UY,2022-03-19 01:56:09,-34.6667,-54.9167,58.39,74,94,14.97
151,Lincolnia,US,2022-03-19 01:55:38,40.8,-96.667,47.28,54,100,3.0
152,Lagoa,PT,2022-03-19 01:56:09,39.05,-27.9833,52.68,63,99,34.09
153,Kishi,NG,2022-03-19 01:56:10,9.0833,3.85,79.9,62,100,6.62
154,Salinas,US,2022-03-19 01:54:36,36.6777,-121.6555,63.21,73,99,4.16
155,Ribeira Grande,PT,2022-03-19 01:56:10,38.5167,-28.7,52.2,50,20,19.57
156,Correntina,BR,2022-03-19 01:56:11,-13.3433,-44.6367,68.32,61,0,2.17
157,Olinda,BR,2022-03-19 01:56:11,-8.0089,-34.8553,78.53,89,75,3.44
158,Prince Rupert,CA,2022-03-19 01:56:11,54.3161,-130.3201,42.49,87,100,29.93
159,Punta Alta,AR,2022-03-19 01:53:01,-38.8759,-62.0736,55.4,49,0,8.79
160,Fortuna,US,2022-03-19 01:56:12,40.5982,-124.1573,54.09,84,0,12.66
161,Holme,DK,2022-03-19 01:56:12,56.1138,10.1725,34.18,88,0,5.3
162,Kharian,PK,2022-03-19 01:52:58,32.8149,73.8636,69.87,52,0,5.7
163,North Bend,US,2022-03-19 01:56:13,43.4065,-124.2243,54.25,92,100,10.38
164,Cherskiy,RU,2022-03-19 01:56:13,68.75,161.3,7.07,78,7,7.27
165,Lata,PT,2022-03-19 01:56:13,40.1629,-8.3327,49.91,74,1,6.08
166,Giovinazzo,IT,2022-03-19 01:56:14,41.1864,16.6674,52.83,61,0,11.5
167,Sadri,IN,2022-03-19 01:56:14,25.1833,73.4333,77.95,22,5,5.23
168,Ngama,TD,2022-03-19 01:55:17,11.7833,17.1667,73.11,12,98,9.08
169,Pabianice,PL,2022-03-19 01:56:14,51.6645,19.3547,32.31,60,1,2.3
170,Nioro,GM,2022-03-19 01:56:15,13.35,-15.75,75.63,26,1,8.95
171,Kirakira,SB,2022-03-19 01:56:15,-10.4544,161.9205,84.36,70,100,7.65
172,Broken Hill,AU,2022-03-19 01:56:16,-31.95,141.4333,82.11,44,0,6.91
173,Uyuni,BO,2022-03-19 01:56:16,-20.4597,-66.825,54.28,42,49,9.57
174,Kargasok,RU,2022-03-19 01:56:16,59.0556,80.8572,19.71,94,99,9.44
175,Saint-Francois,FR,2022-03-19 01:56:17,46.4154,3.9054,45.68,79,40,5.75
176,Kita,ML,2022-03-19 01:56:17,13.0349,-9.4895,80.83,19,7,4.61
177,Kununurra,AU,2022-03-19 01:51:53,-15.7667,128.7333,87.78,66,100,10.36
178,Miranda,CO,2022-03-19 01:56:18,3.2499,-76.2281,68.13,95,90,4.38
179,Usilampatti,IN,2022-03-19 01:56:18,9.9667,77.8,79.75,64,82,2.59
180,Ordzhonikidze,KZ,2022-03-19 01:56:18,52.4411,61.7408,-10.68,100,100,3.38
181,Srednekolymsk,RU,2022-03-19 01:56:19,67.45,153.6833,2.26,78,18,2.77
182,Vila Franca Do Campo,PT,2022-03-19 01:57:19,37.7167,-25.4333,50.41,75,52,18.23
183,Hebi,CN,2022-03-19 01:56:19,35.8992,114.1925,38.34,64,100,12.19
184,Montepuez,MZ,2022-03-19 01:57:19,-13.1256,38.9997,69.93,98,100,2.98
185,Faya,SA,2022-03-19 01:57:20,18.3851,42.4509,57.31,65,5,3.8
186,Lebu,CL,2022-03-19 01:57:20,-37.6167,-73.65,55.42,76,100,15.23
187,San Jeronimo,PE,2022-03-19 01:57:20,-11.9472,-75.2829,49.5,82,100,4.25
188,Manggar,ID,2022-03-19 01:57:21,-2.8833,108.2667,83.25,74,71,8.16
189,Oum Hadjer,TD,2022-03-19 01:57:21,13.2954,19.6966,72.12,9,95,9.89
190,Bijar,IR,2022-03-19 01:57:21,35.8668,47.6051,29.03,59,99,1.72
191,Mahebourg,MU,2022-03-19 01:57:22,-20.4081,57.7,77.25,94,20,2.3
192,Bathsheba,BB,2022-03-19 01:57:22,13.2167,-59.5167,79.41,73,20,24.16
193,Anadyr,RU,2022-03-19 01:57:23,64.75,177.4833,1.9,60,0,6.71
194,Teluknaga,ID,2022-03-19 01:57:23,-6.0989,106.6381,87.19,88,40,9.22
195,Mizdah,LY,2022-03-19 01:57:23,31.4451,12.9801,53.31,63,0,5.44
196,General Pico,AR,2022-03-19 01:53:03,-35.6566,-63.7568,55.76,47,7,6.71
197,Oelde,DE,2022-03-19 01:57:24,51.8167,8.15,43.38,77,0,7.65
198,Dvorichna,UA,2022-03-19 01:57:24,49.8496,37.6857,7.43,97,69,4.68
199,Pioner,RU,2022-03-19 01:57:24,55.3166,85.9508,15.24,85,100,6.71
200,Kahului,US,2022-03-19 01:57:25,20.8947,-156.47,81.97,87,43,11.01
201,Tura,IN,2022-03-19 01:57:25,25.5198,90.2201,79.88,35,36,4.41
202,Hobyo,SO,2022-03-19 01:57:25,5.3505,48.5268,77.9,76,26,11.65
203,Itupiranga,BR,2022-03-19 01:57:26,-5.1347,-49.3267,73.96,96,100,2.28
204,East London,ZA,2022-03-19 01:57:26,-33.0153,27.9116,70.36,87,100,9.84
205,Katobu,ID,2022-03-19 01:57:26,-4.9408,122.5276,85.23,68,100,4.0
206,Qaqortoq,GL,2022-03-19 01:57:27,60.7167,-46.0333,11.41,70,100,7.56
207,Yarada,IN,2022-03-19 01:57:27,17.65,83.2667,75.52,94,20,2.3
208,Nanortalik,GL,2022-03-19 01:57:27,60.1432,-45.2371,17.62,73,100,5.46
209,Palana,RU,2022-03-19 01:57:28,59.1167,159.9667,25.52,70,16,4.63
210,Tiksi,RU,2022-03-19 01:57:28,71.6872,128.8694,5.0,77,100,26.13
211,Asau,RO,2022-03-19 01:57:28,46.4333,26.4,16.72,77,38,3.83
212,Tual,ID,2022-03-19 01:57:29,-5.6667,132.75,84.31,69,32,2.28
213,Erenhot,CN,2022-03-19 01:57:29,43.6475,111.9767,26.98,30,100,6.29
214,Vardo,NO,2022-03-19 01:57:29,70.3705,31.1107,33.48,71,17,25.95
215,Kaiyuan,CN,2022-03-19 01:57:30,23.6977,103.3037,74.48,46,5,4.99
216,Saskylakh,RU,2022-03-19 01:57:30,71.9167,114.0833,12.96,94,100,11.3
217,Miles City,US,2022-03-19 01:56:45,46.4083,-105.8406,46.83,44,60,7.56
218,Te Anau,NZ,2022-03-19 01:57:31,-45.4167,167.7167,67.06,46,66,2.89
219,Kavieng,PG,2022-03-19 01:57:31,-2.5744,150.7967,86.16,62,15,13.76
220,Jasdan,IN,2022-03-19 01:57:31,22.0333,71.2,76.69,42,31,11.74
221,Hanna,CA,2022-03-19 01:57:32,51.6334,-111.9018,42.85,58,23,3.0
222,Liwale,TZ,2022-03-19 01:57:32,-9.7667,37.9333,68.43,97,100,2.26
223,Santa Isabel,BR,2022-03-19 01:57:32,-23.3156,-46.2214,79.56,90,91,1.72
224,Akyab,MM,2022-03-19 01:57:33,20.15,92.9,77.45,54,53,5.39
225,Dingle,PH,2022-03-19 01:57:33,10.9995,122.6711,88.12,61,100,8.77
226,Jimeta,NG,2022-03-19 01:57:33,9.2833,12.4667,76.71,13,34,2.3
227,Bom Sucesso,BR,2022-03-19 01:57:34,-21.0331,-44.7581,65.79,86,0,3.76
228,Tazovskiy,RU,2022-03-19 01:57:34,67.4667,78.7,25.23,93,100,17.4
229,Saint-Pierre,RE,2022-03-19 01:58:34,-21.3393,55.4781,76.68,84,0,6.91
230,Vila Velha,BR,2022-03-19 01:58:35,-20.3297,-40.2925,78.75,90,40,3.44
231,Tsiroanomandidy,MG,2022-03-19 01:58:35,-18.7667,46.0333,67.51,97,100,1.32
232,Coquimbo,CL,2022-03-19 01:58:35,-29.9533,-71.3436,60.53,94,0,1.14
233,Tautira,PF,2022-03-19 01:58:36,-17.7333,-149.15,81.73,70,1,11.32
234,Touros,BR,2022-03-19 01:58:36,-5.1989,-35.4608,79.2,78,93,9.1
235,Qasigiannguit,GL,2022-03-19 01:58:36,68.8193,-51.1922,0.23,96,100,9.51
236,Ilo,PE,2022-03-19 01:58:37,-17.6394,-71.3375,70.65,82,44,6.17
237,Mgandu,TZ,2022-03-19 01:58:37,-5.95,34.1333,58.6,95,77,3.69
238,Lar,IN,2022-03-19 01:58:37,26.2039,83.9717,81.03,29,6,3.06
239,Zhoucheng,CN,2022-03-19 01:58:38,35.9122,116.3117,35.65,67,99,11.05
240,Esperance,AU,2022-03-19 01:58:38,-33.8667,121.9,73.24,81,100,21.23
241,Sumbe,AO,2022-03-19 01:58:38,-11.2061,13.8437,76.39,82,18,9.4
242,Graz,AT,2022-03-19 01:54:56,47.0667,15.45,40.05,72,6,1.14
243,Mukhen,RU,2022-03-19 01:58:39,48.1,136.1,20.64,74,100,5.86
244,Beni Suef,EG,2022-03-19 01:58:39,29.0731,31.0979,50.31,76,0,11.43
245,Safaga,EG,2022-03-19 01:58:39,26.7292,33.9365,62.58,45,0,17.67
246,Aksarka,RU,2022-03-19 01:58:40,66.5606,67.7975,21.6,88,18,15.55
247,Kostino,RU,2022-03-19 01:58:40,58.9097,53.2691,24.39,96,100,5.59
248,Mount Pleasant,US,2022-03-19 01:55:51,32.7941,-79.8626,64.54,89,100,5.01
249,Pisco,PE,2022-03-19 01:58:41,-13.7,-76.2167,69.85,78,0,10.36
250,Collierville,US,2022-03-19 01:58:41,35.042,-89.6645,53.02,73,54,1.99
251,Walvis Bay,NA,2022-03-19 01:58:41,-22.9575,14.5053,62.1,82,0,3.44
252,Hami,CN,2022-03-19 01:58:41,42.8,93.45,48.27,33,100,7.52
253,Hualmay,PE,2022-03-19 01:58:42,-11.0964,-77.6139,70.7,82,6,8.52
254,Tuktoyaktuk,CA,2022-03-19 01:58:42,69.4541,-133.0374,-7.6,71,75,13.8
255,Orange,US,2022-03-19 01:58:42,33.7,-117.7675,78.55,57,9,4.0
256,Vytegra,RU,2022-03-19 01:58:43,61.0064,36.4481,19.8,95,20,4.65
257,Grand Gaube,MU,2022-03-19 01:58:43,-20.0064,57.6608,77.38,91,82,2.59
258,Mosty U Jablunkova,CZ,2022-03-19 01:58:43,49.5274,18.7542,31.82,68,0,2.66
259,Hachinohe,JP,2022-03-19 01:58:44,40.5,141.5,33.98,93,100,19.57
260,Izhma,RU,2022-03-19 01:58:44,65.0083,53.9113,19.22,92,46,5.79
261,Amapa,BR,2022-03-19 01:58:45,1.0,-52.0,70.92,99,100,2.17
262,Gao,ML,2022-03-19 01:58:45,16.6362,1.637,81.27,12,86,0.34
263,Chumikan,RU,2022-03-19 01:58:45,54.7183,135.315,18.03,88,100,9.53
264,Evensk,RU,2022-03-19 01:58:46,61.95,159.2333,10.4,71,21,2.06
265,Louga,RU,2022-03-19 01:58:46,58.7372,29.8453,24.84,94,5,2.64
266,Teya,RU,2022-03-19 01:58:46,60.3778,92.6267,15.69,92,100,7.4
267,Ornskoldsvik,SE,2022-03-19 01:58:47,63.2909,18.7153,32.95,74,11,11.5
268,Sheridan,US,2022-03-19 01:58:47,44.8333,-106.9173,45.91,38,27,1.99
269,Katsuura,JP,2022-03-19 01:58:47,35.1333,140.3,56.37,75,89,7.25
270,San Cristobal,VE,2022-03-19 01:58:48,7.7669,-72.225,71.78,76,84,1.52
271,Maniitsoq,GL,2022-03-19 01:58:48,65.4167,-52.9,-3.66,95,100,3.85
272,Narsaq,GL,2022-03-19 01:58:48,60.9167,-46.05,9.45,70,100,7.7
273,Rocha,UY,2022-03-19 01:58:49,-34.4833,-54.3333,57.04,77,96,16.26
274,Villa Maria,AR,2022-03-19 01:58:49,-32.4075,-63.2402,53.82,88,0,4.74
275,Nenjiang,CN,2022-03-19 01:58:49,49.1833,125.2167,13.55,87,62,2.53
276,Peniche,PT,2022-03-19 01:58:50,39.3558,-9.3811,56.1,74,1,15.66
277,Mount Darwin,ZW,2022-03-19 01:58:50,-16.7725,31.5838,64.45,90,100,2.98
278,Byron Bay,AU,2022-03-19 01:59:50,-28.65,153.6167,78.69,64,93,12.03
279,Tarko-Sale,RU,2022-03-19 01:59:51,64.9225,77.785,24.91,91,100,17.36
280,Aquiraz,BR,2022-03-19 01:59:51,-3.9014,-38.3911,83.17,83,74,9.57
281,Goya,AR,2022-03-19 01:59:51,-29.14,-59.2626,63.03,83,30,11.7
282,Vao,NC,2022-03-19 01:59:52,-22.6667,167.4833,77.34,73,17,2.04
283,Grand Baie,MU,2022-03-19 01:59:52,-20.0182,57.5802,77.45,91,79,2.15
284,Malaryta,BY,2022-03-19 01:59:52,51.7905,24.074,30.09,49,0,3.89
285,Taltal,CL,2022-03-19 01:59:53,-25.4,-70.4833,69.28,75,20,4.83
286,Tigre,AR,2022-03-19 01:55:54,-34.426,-58.5796,60.24,69,0,5.75
287,Lavrentiya,RU,2022-03-19 01:59:53,65.5833,-171.0,-0.81,81,0,6.6
288,Nelson Bay,AU,2022-03-19 01:55:04,-32.7167,152.15,77.05,66,100,4.0
289,Ilulissat,GL,2022-03-19 01:59:54,69.2167,-51.1,1.36,93,100,12.53
290,Rocky River,US,2022-03-19 01:59:54,41.4756,-81.8393,59.11,87,100,12.66
291,Bergerac,FR,2022-03-19 01:59:54,44.8333,0.5,47.88,100,0,3.44
292,Cabedelo,BR,2022-03-19 01:55:47,-6.9811,-34.8339,77.67,76,67,9.01
293,Mecca,SA,2022-03-19 01:59:44,21.4267,39.8261,71.01,41,0,1.77
294,Goderich,CA,2022-03-19 01:59:55,43.7501,-81.7165,48.9,71,100,19.57
295,Shimoda,JP,2022-03-19 01:59:55,34.6667,138.95,55.76,71,72,17.92
296,Mackay,AU,2022-03-19 01:59:56,-21.15,149.2,84.69,69,75,18.41
297,Shingu,JP,2022-03-19 01:59:56,33.7333,135.9833,58.48,52,100,2.21
298,Ribeira Brava,PT,2022-03-19 01:59:56,32.65,-17.0667,59.72,71,100,3.15
299,Masalli,KR,2022-03-19 01:59:57,34.7959,126.6553,42.48,80,100,21.23
300,Zyryanka,RU,2022-03-19 01:59:57,65.75,150.85,2.84,78,85,8.25
301,Nipawin,CA,2022-03-19 01:59:57,53.3668,-104.0009,37.44,75,75,6.91
302,Yubari,JP,2022-03-19 01:59:58,43.0378,141.9578,32.9,85,100,6.87
303,Rincon,US,2022-03-19 01:59:58,32.296,-81.2354,62.85,97,100,8.72
304,New Norfolk,AU,2022-03-19 01:59:58,-42.7826,147.0587,68.88,33,6,2.75
305,Oranjemund,NA,2022-03-19 01:59:59,-28.55,16.4333,67.57,73,9,4.45
306,Akora,PK,2022-03-19 01:59:59,34.0036,72.1261,66.18,73,1,7.49
307,Yashkul,RU,2022-03-19 02:00:00,46.1711,45.3435,25.16,73,9,9.51
308,Orda,RU,2022-03-19 02:00:00,57.1951,56.9091,26.82,95,100,5.1
309,Isangel,VU,2022-03-19 02:00:00,-19.55,169.2667,84.45,71,99,4.83
310,Saint-Georges,GD,2022-03-19 02:00:01,12.0564,-61.7485,77.86,78,2,16.73
311,Methoni,GR,2022-03-19 02:00:01,36.8197,21.7049,44.46,56,55,10.89
312,Buzmeyin,TM,2022-03-19 02:00:03,38.0507,58.2056,38.03,63,35,6.73
313,Birjand,IR,2022-03-19 02:00:03,32.8663,59.2211,48.24,35,0,3.13
314,Christchurch,NZ,2022-03-19 01:57:58,-43.5333,172.6333,66.42,63,20,23.02
315,Strathmore,CA,2022-03-19 02:00:04,51.0501,-113.3852,44.94,39,17,5.01
316,Salme,NP,2022-03-19 02:00:05,28.0369,85.0942,57.49,23,11,0.49
317,Zaranj,AF,2022-03-19 01:58:45,30.9667,61.8833,45.14,55,0,20.0
318,Shenjiamen,CN,2022-03-19 02:00:05,29.9576,122.298,51.62,86,100,8.21
319,West Bay,KY,2022-03-19 02:00:06,19.3667,-81.4167,80.08,78,2,1.99
320,Quang Ngai,VN,2022-03-19 02:00:06,15.1167,108.8,80.4,74,94,4.36
321,Myrtle Beach,US,2022-03-19 01:56:18,33.6891,-78.8867,64.09,85,100,5.01
322,Alibag,IN,2022-03-19 02:00:07,18.6411,72.8792,80.67,71,99,3.67
323,Husavik,IS,2022-03-19 02:01:07,66.0449,-17.3389,28.56,78,100,7.85
324,Kalawit,PH,2022-03-19 02:01:07,8.0667,122.5167,84.33,75,100,7.63
325,Zhezkazgan,KZ,2022-03-19 02:01:08,47.8043,67.7144,10.38,85,100,6.71
326,Troitsko-Pechorsk,RU,2022-03-19 02:01:08,62.7084,56.1964,16.21,100,86,3.85
327,Umea,SE,2022-03-19 02:01:09,63.8284,20.2597,32.92,80,0,3.44
328,Mwaro,BI,2022-03-19 02:01:09,-3.5,29.6667,53.58,91,13,1.48
329,Koundara,GN,2022-03-19 02:01:09,12.4833,-13.3,77.52,38,0,5.14
330,Umm Lajj,SA,2022-03-19 02:01:10,25.0213,37.2685,66.99,44,0,12.57
331,Bombay,IN,2022-03-19 01:58:34,19.0144,72.8479,80.58,83,20,3.44
332,Svetlaya,RU,2022-03-19 02:01:10,46.5389,138.3297,27.86,69,56,14.32
333,Rayong,TH,2022-03-19 02:01:10,12.8333,101.4333,86.85,96,54,2.04
334,Havre-Saint-Pierre,CA,2022-03-19 02:01:11,50.2334,-63.5986,20.7,79,2,10.11
335,Toledo,ES,2022-03-19 02:01:11,39.8333,-4.0,43.36,88,6,5.1
336,Hamilton,US,2022-03-19 02:00:31,39.1834,-84.5333,60.1,81,100,5.01
337,Pallasovka,RU,2022-03-19 02:01:12,50.05,46.8833,-2.54,100,100,5.17
338,Ostrovnoy,RU,2022-03-19 02:01:12,68.0531,39.5131,30.58,84,10,22.75
339,Victor Vlad Delamarina,RO,2022-03-19 02:01:12,45.6406,21.8928,26.2,58,3,2.84
340,Ponta Do Sol,PT,2022-03-19 02:01:13,32.6667,-17.1,59.72,70,100,2.93
341,Yumen,CN,2022-03-19 02:01:13,40.2833,97.2,40.93,31,90,16.6
342,Musiri,IN,2022-03-19 02:01:13,10.9333,78.45,78.84,69,38,1.77
343,Mayo,US,2022-03-19 02:01:14,38.8876,-76.5119,65.12,84,0,14.97
344,Smidovich,RU,2022-03-19 02:01:14,48.6,133.8167,15.96,87,83,4.56
345,Nishihara,JP,2022-03-19 02:01:14,26.1842,127.7558,69.85,73,100,13.8
346,Broome,US,2022-03-19 02:01:15,42.2506,-75.833,60.44,60,100,3.0
347,Geraldton,AU,2022-03-19 02:01:15,-28.7667,114.6,79.21,57,100,19.57
348,Manokwari,ID,2022-03-19 02:01:15,-0.8667,134.0833,84.31,72,27,7.38
349,Freeport,US,2022-03-19 01:56:26,40.6576,-73.5832,56.41,83,100,5.99
350,Nelspruit,ZA,2022-03-19 02:01:16,-25.4745,30.9703,55.89,97,10,2.89
351,Aykhal,RU,2022-03-19 02:01:16,66.0,111.5,5.22,91,100,18.23
352,Shihezi,CN,2022-03-19 02:01:17,44.3,86.0333,33.06,92,100,7.4
353,Yaan,NG,2022-03-19 02:01:17,7.3833,8.5667,80.08,26,80,5.01
354,Westport,US,2022-03-19 01:57:04,41.1415,-73.3579,60.3,90,100,1.01
355,Corsicana,US,2022-03-19 02:01:17,32.0954,-96.4689,55.96,52,5,5.82
356,Port Blair,IN,2022-03-19 02:01:18,11.6667,92.75,80.55,76,100,9.04
357,Flagstaff,US,2022-03-19 01:58:27,35.1981,-111.6513,50.09,26,0,4.36
358,Guanica,PR,2022-03-19 02:01:18,17.9716,-66.908,77.05,76,0,7.78
359,Am Timan,TD,2022-03-19 02:01:19,11.0297,20.2827,75.74,14,52,6.71
360,Iracoubo,GF,2022-03-19 02:01:19,5.4802,-53.2011,77.85,87,65,10.85
361,Fare,PF,2022-03-19 02:01:19,-16.7,-151.0167,82.27,67,14,14.29
362,Cap Malheureux,MU,2022-03-19 02:01:20,-19.9842,57.6142,77.47,91,81,2.48
363,Iqaluit,CA,2022-03-19 02:01:20,63.7506,-68.5145,-15.07,70,100,4.61
364,Palkonda,IN,2022-03-19 02:01:20,18.6,83.75,77.31,65,77,2.39
365,Grootfontein,NA,2022-03-19 02:01:21,-19.5667,18.1167,60.46,93,93,9.4
366,Atar,MR,2022-03-19 02:01:21,20.5169,-13.0499,67.42,36,11,9.13
367,Penzance,GB,2022-03-19 02:01:21,50.1186,-5.5371,49.98,80,0,30.13
368,Tevriz,RU,2022-03-19 02:01:22,57.509,72.4042,9.72,97,100,4.92
369,Sitka,US,2022-03-19 02:01:22,57.0531,-135.33,35.13,100,100,6.02
370,Labuhan,ID,2022-03-19 02:01:22,-6.8844,112.2051,83.1,75,100,5.97
371,Grindavik,IS,2022-03-19 02:02:23,63.8424,-22.4338,34.27,69,100,4.61
372,Corinto,GR,2022-03-19 02:02:23,37.9407,22.9573,45.9,68,81,8.57
373,Edson,CA,2022-03-19 01:58:28,53.5835,-116.4356,46.54,31,75,3.44
374,Snyder,US,2022-03-19 02:02:23,32.7179,-100.9176,57.54,19,0,0.0
375,Kembe,CF,2022-03-19 02:02:24,4.6228,21.8865,69.94,37,25,1.21
376,San Julian,MX,2022-03-19 02:02:24,21.0167,-102.1667,63.12,13,0,6.51
377,Bubaque,GW,2022-03-19 02:02:24,11.2833,-15.8333,76.3,68,0,13.49
378,Ust-Nera,RU,2022-03-19 02:02:25,64.5667,143.2,1.49,85,97,2.51
379,Lalmohan,BD,2022-03-19 02:02:25,22.3384,90.7419,79.79,45,100,4.12
380,Columbia,US,2022-03-19 01:58:29,34.0007,-81.0348,59.9,93,100,1.99
381,Kenai,US,2022-03-19 02:02:26,60.5544,-151.2583,37.15,65,100,11.27
382,Constitucion,CL,2022-03-19 02:02:26,-35.3333,-72.4167,59.92,52,100,8.88
383,Nongstoin,IN,2022-03-19 02:02:26,25.5167,91.2667,73.08,38,10,2.1
384,Varzea Da Palma,BR,2022-03-19 02:02:27,-17.5981,-44.7308,76.33,61,88,4.7
385,Micheweni,TZ,2022-03-19 02:02:27,-4.9667,39.8333,78.75,82,44,5.55
386,Ahipara,NZ,2022-03-19 02:02:27,-35.1667,173.1667,68.79,80,31,7.61
387,Klaksvik,FO,2022-03-19 02:02:28,62.2266,-6.589,49.12,81,100,39.48
388,Hambantota,LK,2022-03-19 02:02:28,6.1241,81.1185,77.34,100,20,3.44
389,Souillac,MU,2022-03-19 02:01:05,-20.5167,57.5167,78.22,87,78,2.91
390,Port Alfred,ZA,2022-03-19 02:02:29,-33.5906,26.891,69.94,90,100,7.83
391,Rotenburg,DE,2022-03-19 02:02:29,53.1167,9.4,38.98,77,0,7.85
392,Maracaibo,VE,2022-03-19 02:02:29,10.6317,-71.6406,81.77,67,47,13.02
393,Popondetta,PG,2022-03-19 02:02:30,-8.7537,148.2534,92.55,50,23,5.48
394,Senno,RU,2022-03-19 02:02:30,59.5336,33.9167,9.27,98,51,3.29
395,Egvekinot,RU,2022-03-19 02:02:30,66.3167,-179.1667,-6.52,77,0,1.45
396,Ordynskoye,RU,2022-03-19 02:02:31,54.3656,81.8994,6.94,99,99,3.98
397,Patitirion,GR,2022-03-19 02:02:31,39.15,23.8667,37.38,62,100,27.02
398,Guerrero Negro,MX,2022-03-19 02:02:31,27.9769,-114.0611,62.04,80,0,14.7
399,Dongkan,CN,2022-03-19 02:02:32,33.9997,119.8308,41.04,57,97,18.01
400,Hay River,CA,2022-03-19 02:00:19,60.8156,-115.7999,7.3,98,41,3.36
401,Lamar,US,2022-03-19 02:02:32,33.6668,-95.5836,49.24,67,28,4.97
402,Nikolayevka,RU,2022-03-19 02:02:32,53.1257,47.2041,11.21,99,100,3.47
403,Bandarbeyla,SO,2022-03-19 02:02:33,9.4942,50.8122,76.17,73,0,10.4
404,Dharchula,IN,2022-03-19 02:02:33,29.85,80.5333,69.73,23,100,5.39
405,Noumea,NC,2022-03-19 02:00:05,-22.2763,166.4572,87.78,78,70,8.16
406,San Patricio,US,2022-03-19 02:02:33,28.017,-97.5169,69.91,44,10,10.18
407,Machinga,MW,2022-03-19 02:02:34,-15.1685,35.3,66.58,98,100,3.85
408,Paamiut,GL,2022-03-19 02:02:34,61.994,-49.6678,12.88,92,100,3.18
409,Macusani,PE,2022-03-19 02:02:34,-14.0833,-70.4333,33.73,94,88,0.94
410,Matara,LK,2022-03-19 02:02:35,5.9485,80.5353,79.29,84,45,10.22
411,Aklavik,CA,2022-03-19 02:02:35,68.2191,-135.0107,-7.06,87,100,10.54
412,Mazarron,ES,2022-03-19 02:02:36,37.5992,-1.3149,56.16,75,100,9.73
413,Nuevo Progreso,MX,2022-03-19 02:02:36,23.1667,-97.95,67.89,45,0,7.0
414,Quatre Cocos,MU,2022-03-19 02:02:36,-20.2078,57.7625,77.09,85,47,1.88
415,Fort Smith,US,2022-03-19 02:02:34,35.3859,-94.3986,49.33,67,100,12.66
416,Waipawa,NZ,2022-03-19 02:02:37,-41.4122,175.5153,61.14,51,13,10.94
417,Itubera,BR,2022-03-19 02:02:37,-13.7322,-39.1492,72.16,95,35,2.82
418,Chara,RU,2022-03-19 02:03:38,56.9064,118.2631,-4.63,77,52,1.83
419,Pula,HR,2022-03-19 02:03:38,44.8683,13.8481,46.96,42,0,17.27
420,Naron,ES,2022-03-19 02:03:38,43.5167,-8.1528,53.67,81,8,5.48
421,Mopipi,BW,2022-03-19 02:03:39,-21.1833,24.8833,63.64,73,73,10.74
422,Tselina,RU,2022-03-19 02:03:39,46.5338,41.0328,20.01,76,10,12.8
423,Tobias Barreto,BR,2022-03-19 02:03:39,-11.1839,-37.9983,72.81,87,74,4.27
424,Mount Gambier,AU,2022-03-19 02:03:40,-37.8333,140.7667,73.89,36,33,4.47
425,Kaeo,NZ,2022-03-19 02:03:40,-35.1,173.7833,71.33,84,48,8.43
426,Torbay,CA,2022-03-19 02:00:17,47.6666,-52.7314,40.87,96,100,7.67
427,Fort Nelson,CA,2022-03-19 02:03:40,58.8053,-122.7002,32.27,99,100,2.37
428,Babayurt,RU,2022-03-19 02:03:41,43.6002,46.7789,32.02,74,98,15.14
429,Blythe,US,2022-03-19 02:03:41,33.6103,-114.5964,78.03,14,0,4.41
430,Sandwick,GB,2022-03-19 02:03:41,60.0,-1.25,48.02,76,100,18.41
431,Tambura,SS,2022-03-19 02:03:42,5.6,27.4667,70.56,25,90,3.04
432,Acurenam,GQ,2022-03-19 02:03:42,1.0322,10.6488,68.09,98,97,0.25
433,Kuito,AO,2022-03-19 02:03:42,-12.3833,16.9333,57.85,81,43,1.41
434,Capao Da Canoa,BR,2022-03-19 02:03:43,-29.7456,-50.0097,77.09,77,100,9.22
435,Koulikoro,ML,2022-03-19 02:03:43,14.0,-7.75,76.12,18,3,8.59
436,Novyy Buh,UA,2022-03-19 02:03:44,47.6931,32.5216,23.9,75,14,9.64
437,Forest Hills,US,2022-03-19 02:03:44,42.9595,-85.4898,40.33,92,100,14.97
438,North Myrtle Beach,US,2022-03-19 02:03:44,33.816,-78.68,65.08,82,20,11.5
439,Chuguyevka,RU,2022-03-19 02:03:45,44.1653,133.8633,28.09,66,82,4.85
440,Okha,RU,2022-03-19 02:03:45,53.5739,142.9478,28.85,95,100,6.8
441,Ridgecrest,US,2022-03-19 02:03:45,35.6225,-117.6709,72.46,14,0,6.91
442,Matay,EG,2022-03-19 02:03:46,28.419,30.7792,51.17,70,0,12.95
443,Beloha,MG,2022-03-19 02:03:46,-25.1667,45.05,65.14,76,18,6.04
444,Pingliang,CN,2022-03-19 02:03:46,35.5392,106.6861,40.89,53,100,8.03
445,Port-Gentil,GA,2022-03-19 02:01:18,-0.7193,8.7815,76.14,92,100,21.12
446,Zheleznodorozhnyy,RU,2022-03-19 02:03:47,55.7503,38.0042,27.01,92,100,1.19
447,Northam,GB,2022-03-19 02:03:47,51.0333,-4.2167,46.62,77,0,19.26
448,Los Llanos De Aridane,ES,2022-03-19 02:03:48,28.6585,-17.9182,60.55,75,100,6.91
449,Inirida,CO,2022-03-19 02:03:48,3.8653,-67.9239,74.62,96,100,2.17
450,Ossora,RU,2022-03-19 02:03:48,59.2353,163.0719,27.81,87,87,9.17
451,Siavonga,ZM,2022-03-19 02:03:48,-16.5382,28.7088,71.67,84,100,7.36
452,Payson,US,2022-03-19 01:59:37,40.0444,-111.7321,50.38,40,28,3.0
453,Sibi,PK,2022-03-19 02:03:49,29.5448,67.8764,82.74,17,0,7.23
454,Iberia,US,2022-03-19 02:03:49,29.9502,-91.7507,66.27,55,0,9.22
455,Itoman,JP,2022-03-19 02:03:50,26.1247,127.6694,70.57,68,75,13.8
456,Buraydah,SA,2022-03-19 02:03:50,26.326,43.975,55.2,14,0,6.24
457,Diamantino,BR,2022-03-19 02:03:50,-14.4086,-56.4461,74.14,90,93,2.86
458,Labuan,MY,2022-03-19 02:03:51,5.2767,115.2417,80.51,80,99,12.5
459,Juneau,US,2022-03-19 02:00:21,58.3019,-134.4197,41.99,95,100,5.86
460,Heiligenhafen,DE,2022-03-19 02:03:51,54.3667,10.9833,39.04,78,0,9.69
461,Lexington Park,US,2022-03-19 02:03:51,38.2668,-76.4538,60.85,85,75,11.5
462,Katangli,RU,2022-03-19 02:03:52,51.7102,143.2326,29.17,95,100,7.49
463,Atlantis,ZA,2022-03-19 02:03:52,-33.5667,18.4834,63.18,82,8,5.41
464,La Macarena,CO,2022-03-19 02:03:52,2.1837,-73.7849,75.56,84,93,2.62
465,Heyang,CN,2022-03-19 02:04:53,26.1011,107.473,69.06,79,87,9.93
466,Marrakesh,MA,2022-03-19 02:04:53,31.6315,-8.0083,55.47,76,0,4.61
467,Rakaia,NZ,2022-03-19 02:04:53,-43.75,172.0167,64.22,59,100,18.52
468,Pasighat,IN,2022-03-19 02:04:54,28.0667,95.3333,83.39,30,46,1.61
469,Navrongo,GH,2022-03-19 02:04:54,10.8956,-1.0921,88.68,21,26,3.56
470,Lao Cai,VN,2022-03-19 02:04:54,22.4833,103.95,81.88,66,12,1.5
471,Sorong,ID,2022-03-19 02:04:55,-0.8833,131.25,85.71,65,83,3.22
472,Samarai,PG,2022-03-19 02:04:55,-10.6167,150.6667,87.19,67,100,11.63
473,Minab,IR,2022-03-19 02:04:55,27.1467,57.0801,67.14,66,0,6.04
474,Luwuk,ID,2022-03-19 02:04:56,-0.9516,122.7875,86.52,65,100,2.37
475,Port Lincoln,AU,2022-03-19 02:04:56,-34.7333,135.8667,77.49,59,10,4.38
476,Galle,LK,2022-03-19 02:04:56,6.0367,80.217,80.55,81,37,11.36
477,Laizhou,CN,2022-03-19 02:04:57,37.1717,119.9214,33.67,57,100,19.89
478,Berberati,CF,2022-03-19 02:04:57,4.2612,15.7922,75.27,56,93,1.41
479,Tombouctou,ML,2022-03-19 02:04:57,20.0,-3.0,71.2,21,0,7.67
480,Kapoeta,SS,2022-03-19 02:04:58,4.7717,33.5903,79.99,38,21,8.14
481,Mariakani,KE,2022-03-19 02:04:58,-3.8633,39.4736,71.74,96,14,1.21
482,Bay Roberts,CA,2022-03-19 02:04:58,47.5999,-53.2648,41.65,93,100,1.99
483,Puerto Escondido,MX,2022-03-19 02:04:59,15.85,-97.0667,79.63,78,40,3.44
484,Clyde River,CA,2022-03-19 02:04:59,70.4692,-68.5914,-23.57,91,68,4.9
485,Llangefni,GB,2022-03-19 02:04:59,53.2556,-4.3106,51.58,46,3,10.36
486,Karratha,AU,2022-03-19 02:05:00,-20.7377,116.8463,93.33,44,0,6.46
487,Mujiayingzi,CN,2022-03-19 02:05:00,42.1167,118.7833,23.74,53,4,8.63
488,Gorgan,IR,2022-03-19 02:05:01,36.8387,54.4348,42.78,70,35,2.75
489,Sola,VU,2022-03-19 02:05:01,-13.8833,167.55,79.86,78,100,8.55
490,Thunder Bay,CA,2022-03-19 02:04:31,48.4001,-89.3168,27.28,82,100,1.63
491,Okitipupa,NG,2022-03-19 02:05:01,6.5047,4.7839,78.15,90,100,1.54
492,Cabinda,AO,2022-03-19 02:00:21,-5.55,12.2,78.39,87,100,7.34
493,Montefiascone,IT,2022-03-19 02:05:02,42.5393,12.0362,47.48,62,100,10.0
494,Colinas,BR,2022-03-19 02:05:02,-6.0258,-44.2492,72.82,93,97,0.63
495,Roslavl,RU,2022-03-19 02:05:02,53.9528,32.8639,16.75,94,8,4.68
496,Jiuquan,CN,2022-03-19 02:05:03,39.7432,98.5174,41.77,33,100,5.61
497,Tuy Hoa,VN,2022-03-19 02:05:03,13.0833,109.3,82.11,61,100,1.25
498,Parfenyevo,RU,2022-03-19 02:05:04,58.484,43.4088,21.45,99,86,4.61
499,Nago,JP,2022-03-19 02:05:04,26.5881,127.9761,70.65,76,100,11.83
500,Port Hardy,CA,2022-03-19 02:05:05,50.6996,-127.4199,39.51,94,100,7.49
501,Brae,GB,2022-03-19 02:05:05,60.3964,-1.353,47.41,75,100,18.72
502,Moose Factory,CA,2022-03-19 02:05:05,51.2585,-80.6094,27.97,93,100,3.47
503,Banda Aceh,ID,2022-03-19 02:05:06,5.5577,95.3222,81.9,77,100,12.44
504,Flin Flon,CA,2022-03-19 02:00:16,54.7682,-101.865,33.21,96,100,5.64
505,Russell,US,2022-03-19 02:00:51,32.3502,-85.1999,61.88,90,75,6.91
506,Wanaka,NZ,2022-03-19 02:05:06,-44.7,169.15,67.1,50,100,1.99
507,Marzuq,YE,2022-03-19 02:05:07,14.4,46.4667,61.02,43,50,2.51
508,Rumonge,BI,2022-03-19 02:05:07,-3.9736,29.4386,68.79,85,12,3.76
509,Najran,SA,2022-03-19 02:05:07,17.4924,44.1277,56.25,31,6,1.3
510,Waddan,LY,2022-03-19 02:05:08,29.1614,16.139,66.81,15,61,20.04
511,Sobolevo,RU,2022-03-19 02:06:08,54.4299,31.8996,13.03,96,16,4.72
512,Mbour,SN,2022-03-19 02:06:08,14.422,-16.9638,67.05,62,0,10.87
513,Fukue,JP,2022-03-19 02:06:09,32.6881,128.8419,53.98,85,100,25.37
514,Adrar,MR,2022-03-19 02:06:09,20.5022,-10.0711,64.98,34,46,9.57
515,Palmer,US,2022-03-19 02:01:28,42.1584,-72.3287,59.18,66,99,4.03
516,Majene,ID,2022-03-19 02:06:10,-3.5403,118.9707,80.19,86,100,8.9
517,Biltine,TD,2022-03-19 02:06:10,14.5333,20.9167,69.15,9,100,11.23
518,Torbat-E Jam,IR,2022-03-19 02:06:10,35.244,60.6225,37.36,65,70,8.48
519,Plymouth,US,2022-03-19 02:05:38,41.8334,-70.8328,58.89,86,0,3.44
520,Baiyin,CN,2022-03-19 02:06:11,36.5583,104.2081,41.79,42,42,14.9
521,Kasongo-Lunda,CD,2022-03-19 02:06:11,-6.4667,16.8167,69.06,98,100,0.63
522,Orlik,RU,2022-03-19 02:06:12,52.5178,99.825,5.61,91,100,0.72
523,Fomboni,KM,2022-03-19 02:06:12,-12.28,43.7425,82.6,75,100,5.88
524,Mutoko,ZW,2022-03-19 02:06:12,-17.397,32.2268,60.62,81,100,3.89
525,Porto Novo,BJ,2022-03-19 02:01:39,6.4965,2.6036,82.02,81,100,8.05
526,Barcelos,PT,2022-03-19 02:03:06,41.5388,-8.6151,55.92,77,28,4.65
527,Ugoofaaru,MV,2022-03-19 02:06:13,5.6667,73.0,83.07,71,9,13.29
528,Utete,TZ,2022-03-19 02:06:13,-7.986,38.758,72.01,98,98,2.17
529,Kletnya,RU,2022-03-19 02:06:14,53.3897,33.2171,16.86,95,19,4.34
530,Kizukuri,JP,2022-03-19 02:06:14,40.8061,140.3861,39.11,88,100,10.92
531,Lethem,GY,2022-03-19 02:06:14,3.3803,-59.7968,79.45,72,100,11.34
532,Leningradskiy,RU,2022-03-19 02:06:15,69.3833,178.4167,-1.32,78,0,2.75
533,Half Moon Bay,US,2022-03-19 02:06:15,37.4636,-122.4286,64.58,75,100,17.27
534,Bonavista,CA,2022-03-19 02:06:15,48.6499,-53.1147,32.52,99,100,9.8
535,Nemuro,JP,2022-03-19 02:06:16,43.3236,145.575,31.32,98,100,27.6
536,Mandurah,AU,2022-03-19 02:04:37,-32.55,115.7,76.91,60,100,14.43
537,Risor,NO,2022-03-19 02:06:16,58.7206,9.2342,32.29,67,13,4.07
538,Muktsar,IN,2022-03-19 02:06:16,30.4833,74.5167,72.14,36,0,8.14
539,Demyansk,RU,2022-03-19 02:06:17,57.643,32.466,22.17,96,18,2.37
540,Aleksandrov Gay,RU,2022-03-19 02:06:17,50.147,48.5704,-2.34,100,100,5.21
541,Bom Jesus,BR,2022-03-19 02:06:17,-9.0744,-44.3586,73.9,74,25,1.79
542,Alta Floresta,BR,2022-03-19 02:06:18,-9.8756,-56.0861,71.46,97,93,2.37
543,Sosnovo-Ozerskoye,RU,2022-03-19 02:06:18,52.5249,111.5418,11.71,78,100,5.39
544,Shanghai,CN,2022-03-19 02:04:46,31.2222,121.4581,57.06,67,75,13.42
545,Bartica,GY,2022-03-19 02:06:19,6.4,-58.6167,75.52,98,50,2.37
546,Challans,FR,2022-03-19 02:06:19,46.8436,-1.8749,49.12,73,40,17.11
547,Kutum,SD,2022-03-19 02:06:19,14.2,24.6667,57.79,15,53,5.73
548,Port Hedland,AU,2022-03-19 02:06:20,-20.3167,118.5667,98.65,28,0,3.44
549,Nuuk,GL,2022-03-19 02:06:20,64.1835,-51.7216,12.81,62,100,21.85
550,Kisanga,TZ,2022-03-19 02:06:20,-7.4362,37.7034,71.53,96,100,1.21
551,Temerloh,MY,2022-03-19 02:06:21,3.4483,102.4176,80.35,86,89,1.07
552,Honggang,CN,2022-03-19 02:06:21,46.4667,124.8667,25.48,50,0,9.04
553,Homer,US,2022-03-19 02:06:22,59.6425,-151.5483,37.78,70,100,10.36
554,Tateyama,JP,2022-03-19 02:06:22,34.9833,139.8667,56.77,78,58,8.08
555,Port-Cartier,CA,2022-03-19 02:06:22,50.0334,-66.8654,17.83,84,4,7.65
556,Novikovo,RU,2022-03-19 02:07:23,51.1537,37.8879,-2.52,100,81,2.19
557,Muros,ES,2022-03-19 02:07:23,42.7762,-9.0603,45.68,86,5,5.79
